{"actions":[],"apps":[{"acl":{"app":[],"field":[],"record":[]},"app":null,"category":{"categories":[],"useCategory":"false"},"form":{"layout":"[{\"id\":null,\"type\":\"ROW\",\"isSubTable\":false,\"var\":null,\"controlList\":[{\"isVirtical\":true,\"styleMap\":{\"width\":136},\"type\":\"CREATOR\",\"var\":\"作成者\",\"label\":\"申請者\"}]},{\"id\":null,\"type\":\"ROW\",\"isSubTable\":false,\"var\":null,\"controlList\":[{\"isVirtical\":true,\"styleMap\":{\"width\":193},\"type\":\"SINGLE_LINE_TEXT\",\"var\":\"従業員番号\",\"label\":\"従業員番号\"},{\"isVirtical\":true,\"styleMap\":{\"width\":196},\"type\":\"SINGLE_SELECT\",\"var\":\"ドロップダウン\",\"label\":\"所属部署\"},{\"isVirtical\":true,\"styleMap\":{\"width\":344},\"type\":\"USER_SELECT\",\"var\":\"ユーザー選択\",\"label\":\"承認者\"}]},{\"id\":null,\"type\":\"ROW\",\"isSubTable\":false,\"var\":null,\"controlList\":[{\"styleMap\":{\"width\":117,\"height\":66},\"elementId\":\"course-result-space\",\"type\":\"SPACER\"}]},{\"id\":null,\"type\":\"ROW\",\"isSubTable\":false,\"var\":null,\"controlList\":[{\"isVirtical\":true,\"styleMap\":{\"width\":342},\"type\":\"SINGLE_LINE_TEXT\",\"var\":\"文字列__1行_\",\"label\":\"タイトル\"}]},{\"id\":null,\"type\":\"ROW\",\"isSubTable\":false,\"var\":null,\"controlList\":[{\"isVirtical\":true,\"styleMap\":{\"width\":342},\"type\":\"SINGLE_LINE_TEXT\",\"var\":\"通勤経路\",\"label\":\"通勤経路\"}]},{\"id\":\"5519873\",\"type\":\"SUBTABLE\",\"isSubTable\":true,\"var\":\"明細\",\"controlList\":[{\"isVirtical\":true,\"styleMap\":{\"width\":43},\"type\":\"SINGLE_LINE_TEXT\",\"var\":\"隠しパラメータ\",\"label\":\".\"},{\"isVirtical\":true,\"styleMap\":{\"width\":117},\"type\":\"DATE\",\"var\":\"日付\",\"label\":\"日付\"},{\"isVirtical\":true,\"styleMap\":{\"width\":150},\"type\":\"SINGLE_SELECT\",\"var\":\"入力方法\",\"label\":\"入力方法\"},{\"isVirtical\":true,\"styleMap\":{\"width\":193},\"type\":\"SINGLE_LINE_TEXT\",\"var\":\"経路\",\"label\":\"経路\"},{\"isVirtical\":true,\"styleMap\":{\"width\":211},\"type\":\"SINGLE_LINE_TEXT\",\"var\":\"訪問先\",\"label\":\"訪問先\"},{\"isVirtical\":true,\"styleMap\":{\"width\":118},\"type\":\"DECIMAL\",\"var\":\"金額\",\"label\":\"金額\"}]},{\"id\":null,\"type\":\"ROW\",\"isSubTable\":false,\"var\":null,\"controlList\":[{\"isVirtical\":true,\"styleMap\":{\"width\":193},\"type\":\"CALC\",\"var\":\"計算\",\"label\":\"合計金額\"}]},{\"id\":null,\"type\":\"ROW\",\"isSubTable\":false,\"var\":null,\"controlList\":[{\"isVirtical\":true,\"styleMap\":{\"width\":432,\"height\":137,\"innerHeight\":100},\"type\":\"MULTIPLE_LINE_TEXT\",\"var\":\"文字列__複数行__\",\"label\":\"備考欄\"}]}]","revision":null},"iconMeta":{"internalName":null,"mime":"image/png","name":"駅すぱあとwebサービス_雲白抜き.png"},"info":{"code":null,"decimalPrecision":"16","decimalScale":"4","description":"\u003Cdiv\u003E往訪など、交通費の立替金が発生したときに申請するアプリです。\u003C/div\u003E\u003Cdiv\u003E利用した交通費を登録するだけで、合計金額を自動で計算します。\u003C/div\u003E\u003Cdiv\u003E社外にいても確認・処理ができるので、申請から決裁までのスピードアップが図れます。\u003C/div\u003E","enableBulkDeletion":"false","fiscalYearStartMonth":"4","iconKey":"1063","iconType":"BLOB","jsFiles":null,"jsScope":"ALL","name":"交通費申請 by 駅すぱあと","roundingMode":"HALF_EVEN","theme":"REPORT","titleComponentLocalId":"5125557","useComment":"true","useHistory":"true","useThumbnail":"true"},"jsFiles":[{"jsFileMetas":[{"internalName":null,"locationType":"URL","mime":null,"name":null,"url":"https://js.cybozu.com/jquery/3.2.1/jquery.min.js"},{"internalName":null,"locationType":"URL","mime":null,"name":null,"url":"https://js.cybozu.com/sweetalert2/v7.3.5/sweetalert2.min.js"},{"internalName":null,"locationType":"URL","mime":null,"name":null,"url":"https://js.cybozu.com/momentjs/2.20.1/moment.min.js"},{"internalName":null,"locationType":"BLOB","mime":"application/javascript","name":"expGuiCourse.js","url":null},{"internalName":null,"locationType":"BLOB","mime":"application/javascript","name":"expGuiStation.js","url":null},{"internalName":null,"locationType":"BLOB","mime":"application/javascript","name":"ekispert.js","url":null}],"jsType":"DESKTOP"},{"jsFileMetas":[{"internalName":null,"locationType":"URL","mime":null,"name":null,"url":"https://js.cybozu.com/sweetalert2/v7.3.5/sweetalert2.min.css"},{"internalName":null,"locationType":"BLOB","mime":"text/css","name":"expGuiStation.css","url":null},{"internalName":null,"locationType":"BLOB","mime":"text/css","name":"expGuiCourse.css","url":null},{"internalName":null,"locationType":"BLOB","mime":"text/css","name":"ekispert.css","url":null}],"jsType":"DESKTOP_CSS"}],"notification":{"appNotifications":[{"events":["RECORD_COMMENT_ADDED"],"target":{"entityId":"5125533","entityType":"FIELD_ENTITY","includeSubs":"false"}},{"events":["RECORD_COMMENT_ADDED"],"target":{"entityId":"5125534","entityType":"FIELD_ENTITY","includeSubs":"false"}}],"recordNotifications":[],"reminderTimezone":null,"reminders":[],"useComment":"true","useReminder":"false"},"plugin":{"pluginIds":[]},"reports":[],"resource":{"tables":[{"rows":[{"fields":[{"language":"zh","value":"交通费申请"},{"language":"en","value":"Transportation Reimbursement"},{"language":"ja","value":""}],"objectId":"0","subObjectId":"-1"}],"type":"AppName"},{"rows":[{"fields":[{"language":"zh","value":"\u003Cdiv\u003E发生交通费时所使用的申请应用。\u003C/div\u003E\u003Cdiv\u003E只需填写交通费金额，便能自动计算合计金额。\u003C/div\u003E\u003Cdiv\u003E\u003Cdiv\u003E即便不在公司内，也可以进行确认・处理。提高从申請到批准的效率。\u003C/div\u003E\u003C/div\u003E"},{"language":"en","value":"\u003Cdiv\u003EAn application to request reimbursement for transportation fees.\u003Cbr /\u003EWhen you submit the request, the application automatically calculates the total sum of money needed. Even from outside the office you can check the application to expedite this process.\u003C/div\u003E"},{"language":"ja","value":""}],"objectId":"0","subObjectId":"-1"}],"type":"AppDescription"},{"rows":[{"fields":[{"language":"zh","value":"记录编号"},{"language":"en","value":"Record No."},{"language":"ja","value":""}],"objectId":"5125532","subObjectId":"-1"},{"fields":[{"language":"zh","value":"更新人"},{"language":"en","value":"Last Updated By"},{"language":"ja","value":""}],"objectId":"5125533","subObjectId":"-1"},{"fields":[{"language":"zh","value":"创建人"},{"language":"en","value":"Created By"},{"language":"ja","value":""}],"objectId":"5125534","subObjectId":"-1"},{"fields":[{"language":"zh","value":"更新时间"},{"language":"en","value":"Updated"},{"language":"ja","value":""}],"objectId":"5125535","subObjectId":"-1"},{"fields":[{"language":"zh","value":"创建时间"},{"language":"en","value":"Created"},{"language":"ja","value":""}],"objectId":"5125536","subObjectId":"-1"},{"fields":[{"language":"zh","value":"状态"},{"language":"en","value":"Status"},{"language":"ja","value":""}],"objectId":"5125537","subObjectId":"-1"},{"fields":[{"language":"zh","value":"执行者"},{"language":"en","value":"Assignee"},{"language":"ja","value":""}],"objectId":"5125538","subObjectId":"-1"},{"fields":[{"language":"zh","value":"类别"},{"language":"en","value":"Category"},{"language":"ja","value":""}],"objectId":"5125539","subObjectId":"-1"},{"fields":[{"language":"zh","value":"所属部门"},{"language":"en","value":"Department"},{"language":"ja","value":""}],"objectId":"5125555","subObjectId":"-1"},{"fields":[{"language":"zh","value":"营业部"},{"language":"en","value":"Sales"},{"language":"ja","value":""}],"objectId":"5125555","subObjectId":"5125540"},{"fields":[{"language":"zh","value":"总务部"},{"language":"en","value":"General Affairs"},{"language":"ja","value":""}],"objectId":"5125555","subObjectId":"5125541"},{"fields":[{"language":"zh","value":"经理部"},{"language":"en","value":"Accounting"},{"language":"ja","value":""}],"objectId":"5125555","subObjectId":"5125542"},{"fields":[{"language":"zh","value":"开发部"},{"language":"en","value":"Development"},{"language":"ja","value":""}],"objectId":"5125555","subObjectId":"5125543"},{"fields":[{"language":"zh","value":"批准人"},{"language":"en","value":"Authorizer"},{"language":"ja","value":""}],"objectId":"5125556","subObjectId":"-1"},{"fields":[{"language":"zh","value":"标题"},{"language":"en","value":"Title"},{"language":"ja","value":""}],"objectId":"5125557","subObjectId":"-1"},{"fields":[{"language":"zh","value":"合计金额"},{"language":"en","value":"Total Expenses"},{"language":"ja","value":""}],"objectId":"5125562","subObjectId":"-1"},{"fields":[{"language":"zh","value":"备注栏"},{"language":"en","value":"Notes"},{"language":"ja","value":""}],"objectId":"5125563","subObjectId":"-1"},{"fields":[],"objectId":"5519873","subObjectId":"-1"},{"fields":[],"objectId":"5519867","subObjectId":"-1"},{"fields":[],"objectId":"5519868","subObjectId":"-1"},{"fields":[],"objectId":"5519868","subObjectId":"5519859"},{"fields":[],"objectId":"5519868","subObjectId":"5519860"},{"fields":[],"objectId":"5519870","subObjectId":"-1"},{"fields":[],"objectId":"5519872","subObjectId":"-1"},{"fields":[],"objectId":"5522099","subObjectId":"-1"},{"fields":[],"objectId":"5522100","subObjectId":"-1"},{"fields":[],"objectId":"5522063","subObjectId":"-1"},{"fields":[],"objectId":"5522065","subObjectId":"-1"}],"type":"FieldLabel"},{"rows":[{"fields":[{"language":"zh","value":"（全部）"},{"language":"en","value":"(All)"},{"language":"ja","value":""}],"objectId":"20","subObjectId":"-1"},{"fields":[{"language":"zh","value":"（我的工作）"},{"language":"en","value":"(Assigned to Me)"},{"language":"ja","value":""}],"objectId":"5125576","subObjectId":"-1"},{"fields":[{"language":"zh","value":"申请一览"},{"language":"en","value":"Summary of Applications"},{"language":"ja","value":""}],"objectId":"5125578","subObjectId":"-1"},{"fields":[{"language":"zh","value":"我的处理"},{"language":"en","value":"Records for Processing"},{"language":"ja","value":""}],"objectId":"5125580","subObjectId":"-1"},{"fields":[{"language":"zh","value":"我的申请"},{"language":"en","value":"My Records"},{"language":"ja","value":""}],"objectId":"5125582","subObjectId":"-1"}],"type":"ViewName"},{"rows":[{"fields":[{"language":"zh","value":"未申请"},{"language":"en","value":"Unsubmitted (Draft)"},{"language":"ja","value":""}],"objectId":"5125564","subObjectId":"-1"},{"fields":[{"language":"zh","value":"上司确认中"},{"language":"en","value":"Processing"},{"language":"ja","value":""}],"objectId":"5125565","subObjectId":"-1"},{"fields":[{"language":"zh","value":"批准"},{"language":"en","value":"Approved"},{"language":"ja","value":""}],"objectId":"5125566","subObjectId":"-1"},{"fields":[{"language":"zh","value":"退回"},{"language":"en","value":"Sent Back"},{"language":"ja","value":""}],"objectId":"5125567","subObjectId":"-1"}],"type":"StatusState"},{"rows":[{"fields":[{"language":"zh","value":"申请"},{"language":"en","value":"Submit"},{"language":"ja","value":""}],"objectId":"5125571","subObjectId":"-1"},{"fields":[{"language":"zh","value":"批准"},{"language":"en","value":"Approve"},{"language":"ja","value":""}],"objectId":"5125572","subObjectId":"-1"},{"fields":[{"language":"zh","value":"退回"},{"language":"en","value":"Send Back"},{"language":"ja","value":""}],"objectId":"5125573","subObjectId":"-1"},{"fields":[{"language":"zh","value":"再申请"},{"language":"en","value":"Re-submit"},{"language":"ja","value":""}],"objectId":"5125574","subObjectId":"-1"}],"type":"StatusAction"}]},"schema":{"groups":[],"revision":null,"subTable":{"5519873":{"fieldList":{"5519867":{"id":"5519867","label":".","properties":{"defaultValue":"","expression":"","hideExpression":"false","max":null,"min":null,"noLabel":"false","required":"false","unique":"false"},"type":"SINGLE_LINE_TEXT","var":"隠しパラメータ"},"5519868":{"id":"5519868","label":"入力方法","properties":{"defaultValue":"5519859","noLabel":"false","options":[{"id":"5519859","label":"手入力","valid":true},{"id":"5519860","label":"駅すぱあと","valid":true}],"required":"true"},"type":"SINGLE_SELECT","var":"入力方法"},"5519870":{"id":"5519870","label":"訪問先","properties":{"defaultValue":"","expression":"","hideExpression":"false","max":null,"min":null,"noLabel":"false","required":"false","unique":"false"},"type":"SINGLE_LINE_TEXT","var":"訪問先"},"5519872":{"id":"5519872","label":"金額","properties":{"defaultValue":"0","digit":"false","displayScale":null,"max":null,"min":null,"noLabel":"false","required":"false","roundingMode":null,"scale":null,"unique":"false","unit":"¥","unitPosition":"BEFORE"},"type":"DECIMAL","var":"金額"},"5522099":{"id":"5522099","label":"日付","properties":{"defaultExpression":"NOW","defaultValue":null,"noLabel":"false","required":"false","unique":"false"},"type":"DATE","var":"日付"},"5522100":{"id":"5522100","label":"経路","properties":{"defaultValue":"","expression":"","hideExpression":"false","max":null,"min":null,"noLabel":"false","required":"false","unique":"false"},"type":"SINGLE_LINE_TEXT","var":"経路"}},"id":"5519873","label":"明細","var":"明細"}},"table":{"fieldList":{"5125532":{"id":"5125532","label":"レコード番号","properties":{"noLabel":"false","required":"true"},"type":"RECORD_ID","var":"レコード番号"},"5125533":{"id":"5125533","label":"更新者","properties":{"noLabel":"false","required":"true"},"type":"MODIFIER","var":"更新者"},"5125534":{"id":"5125534","label":"申請者","properties":{"noLabel":"false","required":"true"},"type":"CREATOR","var":"作成者"},"5125535":{"id":"5125535","label":"更新日時","properties":{"noLabel":"false","required":"true"},"type":"MODIFIED_AT","var":"更新日時"},"5125536":{"id":"5125536","label":"作成日時","properties":{"noLabel":"false","required":"true"},"type":"CREATED_AT","var":"作成日時"},"5125537":{"id":"5125537","label":"ステータス","properties":{"noLabel":"false","required":"false"},"type":"STATUS","var":"ステータス"},"5125538":{"id":"5125538","label":"作業者","properties":{"noLabel":"false","required":"false"},"type":"STATUS_ASSIGNEE","var":"作業者"},"5125539":{"id":"5125539","label":"カテゴリー","properties":{"noLabel":"false","required":"false"},"type":"CATEGORY","var":"カテゴリー"},"5125555":{"id":"5125555","label":"所属部署","properties":{"defaultValue":null,"noLabel":"false","options":[{"id":"5125540","label":"営業部","valid":true},{"id":"5125541","label":"総務部","valid":true},{"id":"5125542","label":"経理部","valid":true},{"id":"5125543","label":"開発部","valid":true}],"required":"false"},"type":"SINGLE_SELECT","var":"ドロップダウン"},"5125556":{"id":"5125556","label":"承認者","properties":{"defaultEntities":[],"defaultSelect":[],"entities":[],"noLabel":"false","required":"false","select":[]},"type":"USER_SELECT","var":"ユーザー選択"},"5125557":{"id":"5125557","label":"タイトル","properties":{"defaultValue":"","expression":"","hideExpression":"false","max":null,"min":null,"noLabel":"false","required":"false","unique":"false"},"type":"SINGLE_LINE_TEXT","var":"文字列__1行_"},"5125562":{"id":"5125562","label":"合計金額","properties":{"displayScale":null,"expression":"SUM(金額)","format":"NUMBER","hideExpression":"false","noLabel":"false","required":"false","roundingMode":null,"scale":null,"unit":"","unitPosition":"BEFORE"},"type":"CALC","var":"計算"},"5125563":{"id":"5125563","label":"備考欄","properties":{"defaultValue":"","noLabel":"false","required":"false"},"type":"MULTIPLE_LINE_TEXT","var":"文字列__複数行__"},"5522063":{"id":"5522063","label":"従業員番号","properties":{"defaultValue":"","expression":"","hideExpression":"false","max":"64","min":null,"noLabel":"false","required":"false","unique":"true"},"type":"SINGLE_LINE_TEXT","var":"従業員番号"},"5522065":{"id":"5522065","label":"通勤経路","properties":{"defaultValue":"","expression":"","hideExpression":"false","max":null,"min":null,"noLabel":"false","required":"false","unique":"false"},"type":"SINGLE_LINE_TEXT","var":"通勤経路"}},"id":"1","label":"__ROOT__","var":"__ROOT__"}},"status":{"actions":[{"app":null,"assignees":[],"filter":"5125568","from":"5125564","fromLabel":null,"id":"5125571","label":"申請する","record":null,"revision":null,"to":"5125565","toApprovalType":null,"toLabel":null},{"app":null,"assignees":[],"filter":"5125569","from":"5125565","fromLabel":null,"id":"5125572","label":"承認する","record":null,"revision":null,"to":"5125566","toApprovalType":null,"toLabel":null},{"app":null,"assignees":[],"filter":"5125569","from":"5125565","fromLabel":null,"id":"5125573","label":"差し戻す","record":null,"revision":null,"to":"5125567","toApprovalType":null,"toLabel":null},{"app":null,"assignees":[],"filter":"5125570","from":"5125567","fromLabel":null,"id":"5125574","label":"再申請する","record":null,"revision":null,"to":"5125565","toApprovalType":null,"toLabel":null}],"filters":[{"condition":"","id":"5125568","state":"5125564"},{"condition":"","id":"5125569","state":"5125565"},{"condition":"","id":"5125570","state":"5125567"}],"initialStateId":"5125564","states":[{"approvalType":"ONE","assignees":[{"entityId":"5125534","entityName":"申請者","entityType":"FIELD_ENTITY","includeSubs":"false"}],"id":"5125564","initial":true,"label":"未申請（下書き）","valid":true},{"approvalType":"ONE","assignees":[{"entityId":"5125556","entityName":"承認者","entityType":"FIELD_ENTITY","includeSubs":"false"}],"id":"5125565","initial":false,"label":"上長確認中","valid":true},{"approvalType":"ONE","assignees":[],"id":"5125566","initial":false,"label":"承認","valid":true},{"approvalType":"ONE","assignees":[{"entityId":"5125534","entityName":"申請者","entityType":"FIELD_ENTITY","includeSubs":"false"}],"id":"5125567","initial":false,"label":"差し戻し","valid":true}],"useStatus":"true"},"uuid":"f39b8061-7fab-478e-a2e8-2182e3322de4","views":[{"advancedMode":"false","builtinType":null,"fields":[{"row":[{"id":"5125534"},{"id":"5125557"},{"id":"5125562"},{"id":"5125537"},{"id":"5125538"}]}],"filter":{"category":null,"offset":null,"order":["DESC"],"q":"f5125534 in (\" USER\", LOGINUSER())","size":null,"sort":["f5125536"]},"html":null,"keyFieldId":null,"name":"自分が作成したもの","pager":null,"revision":null,"titleFieldId":null,"view":"5125582","viewType":"LIST"},{"advancedMode":"false","builtinType":null,"fields":[{"row":[{"id":"5125534"},{"id":"5125557"},{"id":"5125562"},{"id":"5125537"},{"id":"5125538"}]}],"filter":{"category":null,"offset":null,"order":["DESC"],"q":"f5125538 in (\" USER\", LOGINUSER())","size":null,"sort":["f5125536"]},"html":null,"keyFieldId":null,"name":"自分が処理すべきもの","pager":null,"revision":null,"titleFieldId":null,"view":"5125580","viewType":"LIST"},{"advancedMode":"false","builtinType":null,"fields":[{"row":[{"id":"5125534"},{"id":"5125557"},{"id":"5125562"},{"id":"5125537"},{"id":"5125538"}]}],"filter":{"category":null,"offset":null,"order":["DESC"],"q":null,"size":null,"sort":["f5125536"]},"html":null,"keyFieldId":null,"name":"申請一覧","pager":null,"revision":null,"titleFieldId":null,"view":"5125578","viewType":"LIST"},{"advancedMode":"false","builtinType":"ASSIGN","fields":[{"row":[{"id":"5125532"},{"id":"5125555"},{"id":"5125556"},{"id":"5125557"},{"id":"5125562"},{"id":"5125563"},{"id":"5125537"},{"id":"5125538"}]}],"filter":{"category":null,"offset":null,"order":[],"q":"f5125538 in (LOGINUSER())","size":null,"sort":[]},"html":null,"keyFieldId":null,"name":"（作業者が自分）","pager":null,"revision":null,"titleFieldId":null,"view":"5125576","viewType":"LIST"},{"advancedMode":null,"builtinType":"ALL","fields":[{"row":[{"id":"5125532"},{"id":"5125555"},{"id":"5125556"},{"id":"5125557"},{"id":"5125562"},{"id":"5125563"},{"id":"5125537"},{"id":"5125538"},{"id":"5522063"},{"id":"5522065"}]}],"filter":{"category":null,"offset":null,"order":[],"q":null,"size":null,"sort":[]},"html":null,"keyFieldId":null,"name":"（すべて）","pager":null,"revision":null,"titleFieldId":null,"view":"20","viewType":"LIST"}]}],"description":"","iconKey":"201808011731192D4A5C8E91C9467ABC4D8B95E6AF0149311","iconMeta":{"internalName":null,"mime":"image/png","name":"駅すぱあとwebサービス_雲白抜き.png"},"iconSrcAppId":"f39b8061-7fab-478e-a2e8-2182e3322de4","iconType":"BLOB","imagesMeta":[],"lookups":[],"name":"交通費申請アプリ","references":[],"version":"23"}