{"actions":[],"apps":[{"acl":{"app":[],"field":[],"record":[]},"app":null,"category":{"categories":[],"useCategory":"false"},"form":{"layout":"[{\"id\":null,\"type\":\"ROW\",\"isSubTable\":false,\"var\":null,\"controlList\":[{\"styleMap\":{\"width\":117,\"height\":66},\"elementId\":\"course-result-space\",\"type\":\"SPACER\"}]},{\"id\":null,\"type\":\"ROW\",\"isSubTable\":false,\"var\":null,\"controlList\":[{\"isVirtical\":true,\"styleMap\":{\"width\":193},\"type\":\"SINGLE_LINE_TEXT\",\"var\":\"経路表示データ\",\"label\":\"経路表示データ\"}]}]","revision":null},"iconMeta":null,"info":{"code":null,"decimalPrecision":"16","decimalScale":"4","description":"\u003Cdiv\u003E\u003Cbr /\u003E\u003C/div\u003E","enableBulkDeletion":"false","fiscalYearStartMonth":"4","iconKey":"APP55","iconType":"PRESET","jsFiles":null,"jsScope":"ALL","name":"交通費申請詳細","roundingMode":"HALF_EVEN","theme":"PLAIN","titleComponentLocalId":null,"useComment":"true","useHistory":"true","useThumbnail":"true"},"jsFiles":[{"jsFileMetas":[{"internalName":null,"locationType":"BLOB","mime":"text/css","name":"expGuiCourse.css","url":null}],"jsType":"DESKTOP_CSS"},{"jsFileMetas":[{"internalName":null,"locationType":"URL","mime":null,"name":null,"url":"https://js.cybozu.com/jquery/3.3.1/jquery.min.js"},{"internalName":null,"locationType":"BLOB","mime":"application/javascript","name":"expGuiCourse.js","url":null},{"internalName":null,"locationType":"BLOB","mime":"application/javascript","name":"ekispertDetail.js","url":null}],"jsType":"DESKTOP"}],"notification":{"appNotifications":[{"events":["RECORD_COMMENT_ADDED"],"target":{"entityId":"5522133","entityType":"FIELD_ENTITY","includeSubs":"false"}},{"events":["RECORD_COMMENT_ADDED"],"target":{"entityId":"5522134","entityType":"FIELD_ENTITY","includeSubs":"false"}}],"recordNotifications":[],"reminderTimezone":null,"reminders":[],"useComment":"true","useReminder":"false"},"plugin":{"pluginIds":[]},"reports":[],"resource":{"tables":[{"rows":[{"fields":[],"objectId":"0","subObjectId":"-1"}],"type":"AppName"},{"rows":[{"fields":[],"objectId":"0","subObjectId":"-1"}],"type":"AppDescription"},{"rows":[{"fields":[],"objectId":"5522132","subObjectId":"-1"},{"fields":[],"objectId":"5522133","subObjectId":"-1"},{"fields":[],"objectId":"5522134","subObjectId":"-1"},{"fields":[],"objectId":"5522135","subObjectId":"-1"},{"fields":[],"objectId":"5522136","subObjectId":"-1"},{"fields":[],"objectId":"5522137","subObjectId":"-1"},{"fields":[],"objectId":"5522138","subObjectId":"-1"},{"fields":[],"objectId":"5522139","subObjectId":"-1"},{"fields":[],"objectId":"5522142","subObjectId":"-1"}],"type":"FieldLabel"},{"rows":[{"fields":[],"objectId":"20","subObjectId":"-1"}],"type":"ViewName"}]},"schema":{"groups":[],"revision":null,"subTable":{},"table":{"fieldList":{"5522132":{"id":"5522132","label":"レコード番号","properties":{"noLabel":"false","required":"true"},"type":"RECORD_ID","var":"レコード番号"},"5522133":{"id":"5522133","label":"更新者","properties":{"noLabel":"false","required":"true"},"type":"MODIFIER","var":"更新者"},"5522134":{"id":"5522134","label":"作成者","properties":{"noLabel":"false","required":"true"},"type":"CREATOR","var":"作成者"},"5522135":{"id":"5522135","label":"更新日時","properties":{"noLabel":"false","required":"true"},"type":"MODIFIED_AT","var":"更新日時"},"5522136":{"id":"5522136","label":"作成日時","properties":{"noLabel":"false","required":"true"},"type":"CREATED_AT","var":"作成日時"},"5522137":{"id":"5522137","label":"ステータス","properties":{"noLabel":"false","required":"false"},"type":"STATUS","var":"ステータス"},"5522138":{"id":"5522138","label":"作業者","properties":{"noLabel":"false","required":"false"},"type":"STATUS_ASSIGNEE","var":"作業者"},"5522139":{"id":"5522139","label":"カテゴリー","properties":{"noLabel":"false","required":"false"},"type":"CATEGORY","var":"カテゴリー"},"5522142":{"id":"5522142","label":"経路表示データ","properties":{"defaultValue":"","expression":"","hideExpression":"false","max":null,"min":null,"noLabel":"false","required":"false","unique":"false"},"type":"SINGLE_LINE_TEXT","var":"経路表示データ"}},"id":"1","label":"__ROOT__","var":"__ROOT__"}},"status":{"actions":[],"filters":[],"initialStateId":null,"states":[],"useStatus":"false"},"uuid":"32ce93eb-b04f-4016-8f0f-ef6ebd5a2d18","views":[{"advancedMode":null,"builtinType":"ALL","fields":[{"row":[{"id":"5522132"},{"id":"5522142"}]}],"filter":{"category":null,"offset":null,"order":[],"q":null,"size":null,"sort":[]},"html":null,"keyFieldId":null,"name":"（すべて）","pager":null,"revision":null,"titleFieldId":null,"view":"20","viewType":"LIST"}]}],"description":"","iconKey":"APP55","iconMeta":null,"iconSrcAppId":"32ce93eb-b04f-4016-8f0f-ef6ebd5a2d18","iconType":"PRESET","imagesMeta":[],"lookups":[],"name":"交通費申請詳細アプリ","references":[],"version":"23"}